{"schemaVersion":"1.0","appDefinitionTemplate":{"id":"/providers/Microsoft.PowerApps/apps/","type":"Microsoft.PowerApps/apps","tags":{"primaryDeviceWidth":"640","primaryDeviceHeight":"1136","supportsPortrait":"true","supportsLandscape":"true","primaryFormFactor":"Phone","publisherVersion":"3.23061.22","minimumRequiredApiVersion":"2.2.0","hasComponent":"false","hasUnlockedComponent":"false","isUnifiedRootApp":"false","sienaVersion":"20230617T053655Z-3.23061.22.0"},"properties":{"appVersion":"2023-06-17T05:36:55Z","lifeCycleId":"Published","createdByClientVersion":{"major":3,"minor":23061,"build":22,"revision":0,"majorRevision":0,"minorRevision":0},"minClientVersion":{"major":3,"minor":23061,"build":22,"revision":0,"majorRevision":0,"minorRevision":0},"backgroundColor":"rgba(255, 255, 255, 1)","backgroundImageUri":"/9352592505770475700/N9e431519-252c-46d1-b0a6-410e6d4cbcab-logoSmallFile","displayName":"暗記ゲーム","description":"画面に表示されるイラストを暗記して順番通りに選択します。\n全て正解すると、レベルアップして暗記する数が増えていきます。","commitMessage":"","appUris":{"documentUri":{"value":"/9352592505770475700/N00a7cecc-e6f8-4665-87b1-c2100c56e9f0-document.msapp"},"imageUris":[],"additionalUris":[]},"createdTime":"0001-01-01T00:00:00Z","lastModifiedTime":"0001-01-01T00:00:00Z","sharedGroupsCount":0,"sharedUsersCount":0,"connectionReferences":{},"databaseReferences":{},"almMode":"Environment","performanceOptimizationEnabled":true,"canConsumeAppPass":true,"enableModernRuntimeMode":false,"executionRestrictions":{"isTeamsOnly":false,"dataLossPreventionEvaluationResult":{"status":"Compliant","lastEvaluationDate":"2022-11-26T09:46:00.7941253Z","violations":[],"violationsByPolicy":[],"violationErrorMessage":"このアプリでは、次のコネクタが使用されます: shared_sharepointonline。"}}},"appType":"ClassicCanvasApp","appComponents":[]}}