{"schemaVersion":"1.0","appDefinitionTemplate":{"id":"/providers/Microsoft.PowerApps/apps/","type":"Microsoft.PowerApps/apps","tags":{"primaryDeviceWidth":"768","primaryDeviceHeight":"1366","supportsPortrait":"true","supportsLandscape":"true","primaryFormFactor":"Tablet","publisherVersion":"3.23061.22","minimumRequiredApiVersion":"2.2.0","hasComponent":"false","hasUnlockedComponent":"false","isUnifiedRootApp":"false","sienaVersion":"20230619T025526Z-3.23061.22.0"},"properties":{"appVersion":"2023-06-19T02:55:26Z","lifeCycleId":"Published","createdByClientVersion":{"major":3,"minor":23061,"build":22,"revision":0,"majorRevision":0,"minorRevision":0},"minClientVersion":{"major":3,"minor":23061,"build":22,"revision":0,"majorRevision":0,"minorRevision":0},"backgroundColor":"rgba(29, 29, 29, 1)","backgroundImageUri":"/9619557278496894479/Nbf0c6559-608d-4ce7-a045-b5ed9b2d2127-logoSmallFile","displayName":"Power パチスロ 1号機 -ヨウセイVer-","description":"","commitMessage":"","appUris":{"documentUri":{"value":"/9619557278496894479/Nde9538e6-7fcc-4aaf-be47-10921ef064e4-document.msapp"},"imageUris":[],"additionalUris":[]},"createdTime":"0001-01-01T00:00:00Z","lastModifiedTime":"0001-01-01T00:00:00Z","sharedGroupsCount":0,"sharedUsersCount":0,"connectionReferences":{},"databaseReferences":{},"almMode":"Environment","performanceOptimizationEnabled":true,"canConsumeAppPass":true,"enableModernRuntimeMode":false,"executionRestrictions":{"isTeamsOnly":false,"dataLossPreventionEvaluationResult":{"status":"Compliant","lastEvaluationDate":"2023-06-08T14:53:14.3040741Z","violations":[],"violationsByPolicy":[],"violationErrorMessage":"このアプリでは、次のコネクタが使用されます: 。"}}},"appType":"ClassicCanvasApp","appComponents":[]}}